,A1_cat,A4_cat,A5_cat,A6_cat,A7_cat,A9_cat,A10_cat,A12_cat,A13_cat,A2,A3,A8,A11,A14,A15,A16
0,1,1,0,12,7,1,1,0,0,30.83,0.0,1.25,1,202,0,1
1,0,1,0,10,3,1,1,0,0,58.67,4.46,3.04,6,43,560,1
2,0,1,0,10,3,1,0,0,0,24.5,0.5,1.5,0,280,824,1
3,1,1,0,12,7,1,1,1,0,27.83,1.54,3.75,5,100,3,1
4,1,1,0,12,7,1,0,0,2,20.17,5.625,1.71,0,120,0,1
5,1,1,0,9,7,1,0,1,0,32.08,4.0,2.5,0,360,0,1
6,1,1,0,11,3,1,0,1,0,33.17,1.04,6.5,0,164,31285,1
7,0,1,0,2,7,1,0,0,0,22.92,11.585,0.04,0,80,1349,1
8,1,2,2,8,3,1,0,0,0,54.42,0.5,3.96,0,180,314,1
9,1,2,2,12,7,1,0,1,0,42.5,4.915,3.165,0,52,1442,1
10,1,1,0,1,3,0,0,1,0,22.08,0.83,2.165,0,128,0,1
11,1,1,0,1,3,1,0,0,0,29.92,1.835,4.335,0,260,200,1
12,0,1,0,8,7,1,0,1,0,38.25,6.0,1.0,0,0,0,1
13,1,1,0,8,7,0,0,0,0,48.08,6.04,0.04,0,0,2690,1
14,0,1,0,10,7,1,1,1,0,45.83,10.5,5.0,7,0,0,1
15,1,2,2,8,7,1,1,1,0,36.67,4.415,0.25,10,320,0,1
16,1,1,0,9,7,1,1,1,0,28.25,0.875,0.96,3,396,0,1
17,0,1,0,10,7,1,1,0,0,23.25,5.875,3.17,10,120,245,1
18,1,1,0,3,3,1,0,1,0,21.83,0.25,0.665,0,0,0,1
19,0,1,0,2,3,1,1,0,0,19.17,8.585,0.75,7,96,0,1
20,1,1,0,1,7,1,1,0,0,25.0,11.25,2.5,17,200,1208,1
21,1,1,0,1,7,1,0,0,2,23.25,1.0,0.835,0,300,0,1
22,0,1,0,1,7,1,1,1,0,47.75,8.0,7.875,6,0,1260,1
23,0,1,0,13,3,1,1,0,0,27.42,14.5,3.085,1,120,11,1
24,0,1,0,10,7,1,1,1,0,41.17,6.5,0.5,3,145,0,1
25,0,1,0,1,3,1,1,0,0,15.83,0.585,1.5,2,100,0,1
26,0,1,0,6,0,1,1,1,0,47.0,13.0,5.165,9,0,0,1
27,1,1,0,3,0,1,1,1,0,56.58,18.5,15.0,17,0,0,1
28,1,1,0,4,3,1,1,0,0,57.42,8.5,7.0,3,0,0,1
29,1,1,0,12,7,1,1,1,0,42.08,1.04,5.0,6,500,10000,1
30,1,1,0,0,7,1,1,1,0,29.25,14.79,5.04,5,168,0,1
31,1,1,0,13,3,1,1,0,0,42.0,9.79,7.96,8,0,0,1
32,1,1,0,6,0,1,1,1,0,49.5,7.585,7.585,15,0,5000,1
33,0,1,0,4,7,1,0,1,0,36.75,5.125,5.0,0,0,4000,1
34,0,1,0,10,7,1,1,1,0,22.58,10.75,0.415,5,0,560,1
35,1,1,0,12,7,1,1,1,0,27.83,1.5,2.0,11,434,35,1
36,1,1,0,2,3,1,1,1,0,27.25,1.585,1.835,12,583,713,1
37,0,1,0,13,3,1,1,1,0,23.0,11.75,0.5,2,300,551,1
38,1,2,2,2,7,1,1,0,0,27.75,0.585,0.25,2,260,500,1
39,1,1,0,5,2,1,1,1,0,54.58,9.415,14.415,11,30,300,1
40,1,1,0,1,7,1,1,1,0,34.17,9.17,4.5,12,0,221,1
41,1,1,0,1,3,1,1,0,0,28.92,15.0,5.335,11,0,2283,1
42,1,1,0,12,3,1,1,0,0,29.67,1.415,0.75,1,240,100,1
43,1,1,0,12,7,1,1,1,0,39.58,13.915,8.625,6,70,0,1
44,1,2,2,1,7,1,1,0,0,56.42,28.0,28.5,40,0,15,1
45,1,1,0,1,3,1,1,1,0,54.33,6.75,2.625,11,0,284,1
46,0,2,2,10,3,1,1,1,0,41.0,2.04,0.125,23,455,1236,1
47,1,1,0,2,3,1,1,0,0,31.92,4.46,6.04,3,311,300,1
48,1,1,0,6,0,0,0,0,0,41.5,1.54,3.5,0,216,0,1
49,1,1,0,1,7,0,0,0,0,23.92,0.665,0.165,0,100,0,1
50,0,1,0,1,3,1,0,1,0,25.75,0.5,0.875,0,491,0,1
51,1,1,0,10,7,1,0,1,0,26.0,1.0,1.75,0,280,0,1
52,1,1,0,12,7,1,0,1,0,37.42,2.04,0.04,0,400,5800,1
53,1,1,0,12,7,1,0,1,0,34.92,2.5,0.0,0,239,200,1
54,1,1,0,2,3,1,0,1,0,34.25,3.0,7.415,0,0,0,1
55,1,2,2,12,7,1,0,1,0,23.33,11.625,0.835,0,160,300,1
56,1,1,0,2,7,1,0,0,0,23.17,0.0,0.085,0,0,0,1
57,1,1,0,6,3,1,0,1,0,44.33,0.5,5.0,0,320,0,1
58,1,1,0,13,3,0,0,1,2,35.17,4.5,5.75,0,711,0,1
59,1,1,0,10,3,1,1,0,0,43.25,3.0,6.0,11,80,0,1
60,1,1,0,9,7,1,1,1,0,56.75,12.25,1.25,4,200,0,1
61,1,1,0,3,7,1,1,0,0,31.67,16.165,3.0,9,250,730,1
62,0,2,2,10,7,1,1,1,0,23.42,0.79,1.5,2,80,400,1
63,0,1,0,10,7,1,1,0,0,20.42,0.835,1.585,1,0,0,1
64,1,1,0,2,7,1,1,1,0,26.67,4.25,4.29,1,120,0,1
65,1,1,0,2,7,1,1,1,0,34.17,1.54,1.54,1,520,50000,1
66,0,1,0,1,7,1,1,0,0,36.0,1.0,2.0,11,0,456,1
67,1,1,0,9,7,1,1,0,0,25.5,0.375,0.25,3,260,15108,1
68,1,1,0,12,3,1,1,0,0,19.42,6.5,1.46,7,80,2954,1
69,1,1,0,13,3,1,1,1,0,35.17,25.125,1.625,1,515,500,1
70,1,1,0,4,0,1,0,1,2,32.33,7.5,1.585,0,420,0,0
71,0,1,0,2,7,1,0,1,0,38.58,5.0,13.5,0,980,0,0
72,1,1,0,9,7,1,0,0,2,44.25,0.5,10.75,0,400,0,0
73,1,2,2,1,7,0,0,0,0,44.83,7.0,1.625,0,160,2,0
74,1,1,0,10,7,1,1,0,0,20.67,5.29,0.375,1,160,0,0
75,1,1,0,0,7,1,0,1,0,34.08,6.5,0.125,0,443,0,0
76,0,2,2,0,7,1,0,1,0,19.17,0.585,0.585,0,160,0,0
77,1,2,2,8,7,1,1,0,0,21.67,1.165,2.5,1,180,20,0
78,1,1,0,1,7,1,0,0,0,21.5,9.75,0.25,0,140,0,0
79,1,1,0,5,2,1,1,0,0,49.58,19.0,0.0,1,94,0,0
80,0,1,0,9,7,1,0,0,2,27.67,1.5,2.0,0,368,0,0
81,1,1,0,9,7,1,0,0,2,39.83,0.5,0.25,0,288,0,0
82,1,1,0,0,7,1,0,1,0,27.25,0.625,0.455,0,200,0,0
83,1,1,0,1,0,1,0,1,2,37.17,4.0,5.0,0,280,0,0
84,1,2,2,0,7,1,0,0,0,25.67,2.21,4.0,0,188,0,0
85,1,1,0,0,7,1,0,1,0,34.0,4.5,1.0,0,240,0,0
86,0,1,0,7,4,1,0,1,0,49.0,1.5,0.0,0,100,27,0
87,1,2,2,1,3,1,0,0,0,62.5,12.75,5.0,0,112,0,0
88,1,1,0,1,7,1,0,0,0,31.42,15.5,0.5,0,120,0,0
89,1,2,2,1,3,1,0,1,0,52.33,1.375,9.46,0,200,100,0
90,1,2,2,1,7,1,0,1,0,28.75,1.5,1.5,0,0,225,0
91,0,1,0,6,0,1,0,1,0,28.58,3.54,0.5,0,171,0,0
92,1,2,2,0,7,1,0,0,0,23.0,0.625,0.125,0,180,1,0
93,0,2,2,10,7,1,0,1,0,22.5,11.0,3.0,0,268,0,0
94,0,1,0,10,7,1,1,1,0,28.5,1.0,1.0,2,167,500,0
95,1,2,2,1,0,1,0,1,0,37.5,1.75,0.25,0,164,400,0
96,1,2,2,1,7,1,0,0,0,35.25,16.5,4.0,0,80,0,0
97,1,1,0,10,7,1,1,0,0,18.67,5.0,0.375,2,0,38,0
98,1,1,0,8,7,1,1,1,0,25.0,12.0,2.25,2,120,5,0
99,1,2,2,6,3,1,1,1,0,27.83,4.0,5.75,2,75,0,0
100,1,1,0,4,8,1,1,0,0,54.83,15.5,0.0,20,152,130,0
101,1,1,0,8,7,1,0,0,2,28.75,1.165,0.5,0,280,0,0
102,0,2,2,0,7,1,0,0,0,25.0,11.0,4.5,0,120,0,0
103,1,2,2,13,3,1,0,1,0,40.92,2.25,10.0,0,176,0,0
104,0,1,0,1,7,1,1,1,0,19.75,0.75,0.795,5,140,5,0
105,1,1,0,12,7,1,1,1,0,29.17,3.5,3.5,3,329,0,0
106,0,2,2,5,2,1,1,0,0,24.5,1.04,0.5,3,180,147,0
107,1,1,0,12,7,1,0,1,0,24.58,12.5,0.875,0,260,0,0
108,0,1,0,8,0,1,1,1,0,33.75,0.75,1.0,3,212,0,0
109,1,2,2,1,3,1,1,1,0,20.67,1.25,1.375,3,140,210,0
110,0,1,0,10,7,1,1,0,0,25.42,1.125,1.29,2,200,0,0
111,1,1,0,10,3,1,1,1,0,37.75,7.0,11.5,7,300,5,0
112,1,1,0,8,7,1,1,0,0,52.5,6.5,6.29,15,0,11202,1
113,1,1,0,9,7,1,1,1,0,57.83,7.04,14.0,6,360,1332,1
114,0,1,0,2,3,1,1,1,0,20.75,10.335,0.335,1,80,50,1
115,1,1,0,10,7,1,1,0,0,39.92,6.21,0.04,1,200,300,1
116,1,1,0,2,7,1,1,1,0,25.67,12.5,1.21,67,140,258,1
117,0,1,0,0,7,1,1,1,0,24.75,12.5,1.5,12,120,567,1
118,0,1,0,10,7,1,1,1,0,44.17,6.665,7.375,3,0,0,1
119,0,1,0,10,7,1,1,1,0,23.5,9.0,8.5,5,120,0,1
120,1,1,0,13,3,1,1,1,0,34.92,5.0,7.5,6,0,1000,1
121,1,1,0,9,0,1,1,1,0,47.67,2.5,2.5,12,410,2510,1
122,1,1,0,10,7,1,1,1,0,22.75,11.0,2.5,7,100,809,1
123,1,1,0,6,0,1,1,0,0,34.42,4.25,3.25,2,274,610,1
124,0,1,0,12,7,1,0,0,2,28.42,3.5,0.835,0,280,0,1
125,1,1,0,4,8,1,1,1,0,67.75,5.5,13.0,1,0,0,1
126,1,1,0,1,7,1,1,0,0,20.42,1.835,2.25,1,100,150,1
127,0,1,0,4,0,1,1,0,0,47.42,8.0,6.5,6,375,51100,1
128,1,1,0,1,0,1,1,0,0,36.25,5.0,2.5,6,0,367,1
129,1,1,0,10,3,1,1,1,0,32.67,5.5,5.5,12,408,1000,1
130,1,1,0,10,3,1,0,1,0,48.58,6.5,6.0,0,350,0,1
131,1,2,2,0,7,1,1,0,0,39.92,0.54,0.5,3,200,1000,1
132,1,1,0,9,7,1,1,0,0,33.58,2.75,4.25,6,204,0,1
133,0,1,0,12,7,1,1,1,0,18.83,9.5,1.625,6,40,600,1
134,0,1,0,10,3,1,1,0,0,26.92,13.5,5.0,2,0,5000,1
135,0,1,0,2,3,1,1,1,0,31.25,3.75,0.625,9,181,0,1
136,0,1,0,7,2,1,1,0,0,56.5,16.0,0.0,15,0,247,1
137,1,2,2,2,3,1,1,0,0,43.0,0.29,1.75,8,100,375,1
138,1,1,0,12,7,1,1,0,0,22.33,11.0,2.0,1,80,278,1
139,1,1,0,2,3,1,1,0,0,27.25,1.665,5.085,9,399,827,1
140,1,1,0,2,3,1,1,0,0,32.83,2.5,2.75,6,160,2072,1
141,1,1,0,10,7,1,1,1,0,23.25,1.5,2.375,3,0,582,1
142,0,2,2,10,3,1,1,0,0,40.33,7.54,8.0,14,0,2300,1
143,0,1,0,1,0,1,1,1,0,30.5,6.5,4.0,7,0,3065,1
144,0,1,0,1,7,1,1,0,0,52.83,15.0,5.5,14,0,2200,1
145,0,1,0,2,3,1,1,1,0,46.67,0.46,0.415,11,440,6,1
146,0,1,0,10,7,1,1,0,0,58.33,10.0,4.0,14,0,1602,1
147,1,1,0,9,3,1,1,1,0,37.33,6.5,4.25,12,93,0,1
148,1,1,0,1,7,1,1,1,0,23.08,2.5,1.085,11,60,2184,1
149,1,1,0,2,3,1,1,1,0,32.75,1.5,5.5,3,0,0,1
150,0,2,2,7,4,1,1,1,0,21.67,11.5,0.0,11,0,0,1
151,0,2,2,13,3,1,1,0,0,28.5,3.04,2.54,1,70,0,1
152,0,1,0,4,8,1,1,0,0,68.67,15.0,0.0,14,0,3376,1
153,1,1,0,8,3,1,1,1,0,28.0,2.0,4.165,2,181,0,1
154,1,2,2,9,0,1,1,1,0,34.08,0.08,0.04,1,280,2000,1
155,1,1,0,13,3,1,1,0,0,27.67,2.0,1.0,4,140,7544,1
156,1,1,0,9,7,1,1,1,0,44.0,2.0,1.75,2,0,15,1
157,1,1,0,13,7,1,1,1,0,25.08,1.71,1.665,1,395,20,1
158,1,2,2,4,3,1,0,1,0,32.0,1.75,0.04,0,393,0,1
159,0,1,0,10,7,1,0,1,0,60.58,16.5,11.0,0,21,10561,1
160,0,1,0,10,3,1,0,0,0,40.83,10.0,1.75,0,29,837,1
161,1,1,0,10,7,1,0,1,0,19.33,9.5,1.0,0,60,400,1
162,0,1,0,2,7,1,0,0,0,32.33,0.54,0.04,0,440,11177,1
163,1,1,0,10,3,1,0,1,0,36.67,3.25,9.0,0,102,639,1
164,1,2,2,3,7,0,0,1,0,37.5,1.125,1.5,0,431,0,1
165,0,2,2,0,7,1,0,1,0,25.08,2.54,0.25,0,370,0,1
166,1,1,0,1,0,1,0,0,0,41.33,0.0,15.0,0,0,0,1
167,1,1,0,8,3,1,0,1,0,56.0,12.5,8.0,0,24,2028,1
168,0,1,0,8,3,1,0,1,0,49.83,13.585,8.5,0,0,0,1
169,1,1,0,10,3,1,0,0,0,22.67,10.5,1.335,0,100,0,1
170,1,2,2,12,7,1,0,1,0,27.0,1.5,0.375,0,260,1065,1
171,1,1,0,0,7,1,0,1,2,25.0,12.5,3.0,0,20,0,1
172,0,1,0,0,7,1,0,0,0,26.08,8.665,1.415,0,160,150,1
173,0,1,0,10,7,1,1,0,0,18.42,9.25,1.21,4,60,540,1
174,1,1,0,0,7,1,1,0,0,20.17,8.17,1.96,14,60,158,1
175,1,1,0,1,0,1,1,0,0,47.67,0.29,15.0,20,0,15000,1
176,0,1,0,6,0,1,1,0,2,21.25,2.335,0.5,4,80,0,1
177,0,1,0,10,7,1,1,0,0,20.67,3.0,0.165,3,100,6,1
178,0,1,0,1,7,1,1,0,0,57.08,19.5,5.5,7,0,3000,1
179,0,1,0,10,7,1,1,0,0,22.42,5.665,2.585,7,129,3257,1
180,1,1,0,1,3,1,1,0,0,48.75,8.5,12.5,9,181,1655,1
181,1,1,0,0,0,1,1,0,0,40.0,6.5,3.5,1,0,500,1
182,1,1,0,1,7,1,1,0,0,40.58,5.0,5.0,7,0,3065,1
183,0,1,0,1,7,1,1,1,0,28.67,1.04,2.5,5,300,1430,1
184,0,1,0,10,3,1,1,0,0,33.08,4.625,1.625,2,0,0,1
185,1,1,0,1,7,1,0,1,0,21.33,10.5,3.0,0,0,0,1
186,1,1,0,6,3,1,0,0,0,42.0,0.205,5.125,0,400,0,1
187,1,1,0,13,7,1,0,0,0,41.75,0.96,2.5,0,510,600,1
188,1,2,2,12,7,1,1,0,0,22.67,1.585,3.085,6,80,0,1
189,1,2,2,6,0,1,1,1,0,34.5,4.04,8.5,7,195,0,1
190,1,2,2,1,0,1,1,1,0,28.25,5.04,1.5,8,144,7,1
191,1,2,2,13,7,1,1,1,0,33.17,3.165,3.165,3,380,0,1
192,1,1,0,12,3,1,1,0,0,48.17,7.625,15.5,12,0,790,1
193,1,2,2,0,7,1,1,1,0,27.58,2.04,2.0,3,370,560,1
194,1,1,0,13,7,1,1,0,0,22.58,10.04,0.04,9,60,396,1
195,0,1,0,10,3,1,1,0,0,24.08,0.5,1.25,1,0,678,1
196,0,1,0,6,0,1,0,1,0,41.33,1.0,2.25,0,0,300,1
197,0,1,0,10,7,1,1,1,0,20.75,10.25,0.71,2,49,0,1
198,1,2,2,12,7,1,1,0,0,36.33,2.125,0.085,1,50,1187,1
199,0,1,0,10,3,1,1,0,0,35.42,12.0,14.0,8,0,6590,1
200,1,1,0,10,3,1,1,0,0,28.67,9.335,5.665,6,381,168,1
201,1,1,0,8,7,1,1,0,0,35.17,2.5,4.5,7,150,1270,1
202,1,1,0,1,0,1,1,0,0,39.5,4.25,6.5,16,117,1210,1
203,1,1,0,2,3,1,1,1,0,39.33,5.875,10.0,14,399,0,1
204,1,2,2,3,7,1,0,1,2,24.33,6.625,5.5,0,100,0,1
205,1,1,0,5,2,1,1,1,0,60.08,14.5,18.0,15,0,1000,1
206,1,1,0,6,7,1,1,0,0,23.08,11.5,3.5,9,56,742,1
207,1,2,2,2,7,1,1,0,0,26.67,2.71,5.25,1,211,0,1
208,1,1,0,0,7,1,0,0,2,48.17,3.5,3.5,0,230,0,1
209,1,1,0,2,3,1,1,0,0,41.17,4.04,7.0,8,320,0,1
210,1,1,0,5,2,1,1,0,0,55.92,11.5,5.0,5,0,8851,1
211,1,1,0,4,7,1,1,0,0,53.92,9.625,8.665,5,0,0,1
212,0,2,2,1,7,1,1,1,0,18.92,9.25,1.0,4,80,500,1
213,0,1,0,0,7,1,1,1,0,50.08,12.54,2.29,3,156,0,1
214,1,1,0,4,8,1,1,1,0,65.42,11.0,20.0,7,22,0,1
215,0,1,0,0,7,1,0,1,0,17.58,9.0,1.375,0,0,0,1
216,0,1,0,0,7,1,0,0,0,18.83,9.54,0.085,0,100,0,1
217,0,1,0,10,7,1,0,1,0,37.75,5.5,0.125,0,228,0,1
218,1,1,0,1,0,1,0,1,0,23.25,4.0,0.25,0,160,0,1
219,1,1,0,8,7,1,0,0,0,18.08,5.5,0.5,0,80,0,1
220,0,2,2,13,7,0,0,0,0,22.5,8.46,2.46,0,164,0,1
221,1,1,0,10,7,1,1,1,0,19.67,0.375,2.0,2,80,0,1
222,1,1,0,2,7,1,0,0,0,22.08,11.0,0.665,0,100,0,1
223,1,1,0,2,7,1,1,0,0,25.17,3.5,0.625,7,0,7059,1
224,0,1,0,13,7,1,1,1,0,47.42,3.0,13.875,2,519,1704,1
225,1,1,0,13,3,1,1,1,0,33.5,1.75,4.5,4,253,857,1
226,1,1,0,12,7,1,0,1,0,27.67,13.75,5.75,0,487,500,1
227,0,1,0,6,0,1,1,0,0,58.42,21.0,10.0,13,0,6700,1
228,0,1,0,10,7,1,1,0,0,20.67,1.835,2.085,5,220,2503,1
229,1,1,0,6,0,1,0,1,0,26.17,0.25,0.0,0,0,0,1
230,1,1,0,0,7,1,1,0,0,21.33,7.5,1.415,1,80,9800,1
231,1,1,0,10,7,1,0,0,2,42.83,4.625,4.58,0,0,0,1
232,1,1,0,13,7,1,1,0,0,38.17,10.125,2.5,6,520,196,1
233,1,2,2,1,7,1,0,0,2,20.5,10.0,2.5,0,40,0,1
234,1,1,0,12,7,1,1,0,0,48.25,25.085,1.75,3,120,14,1
235,1,1,0,12,7,1,0,1,0,28.33,5.0,11.0,0,70,0,1
236,1,1,0,6,7,1,1,0,0,18.5,2.0,1.5,2,120,300,1
237,1,2,2,1,3,1,1,1,0,33.17,3.04,2.04,1,180,18027,1
238,1,1,0,2,3,1,1,1,0,45.0,8.5,14.0,1,88,2000,1
239,0,1,0,10,3,1,1,0,0,19.67,0.21,0.29,11,80,99,1
240,-1,1,0,13,7,1,1,0,0,21.83,11.0,0.29,6,121,0,1
241,1,1,0,4,8,1,1,0,0,40.25,21.5,20.0,11,0,1200,1
242,1,1,0,10,3,1,1,1,0,41.42,5.0,5.0,6,470,0,1
243,1,1,0,13,3,1,1,0,0,17.83,11.0,1.0,11,0,3000,1
244,0,1,0,13,3,1,1,0,0,23.17,11.125,0.46,1,100,0,1
245,1,1,0,1,3,0,0,0,0,18.17,10.25,1.085,0,320,13,0
246,1,1,0,1,7,0,0,1,0,20.0,11.045,2.0,0,136,0,0
247,1,1,0,3,7,0,0,0,0,20.0,0.0,0.5,0,144,0,0
248,1,1,0,6,7,0,0,0,0,20.75,9.54,0.04,0,200,1000,0
249,0,2,2,1,7,0,0,0,0,24.5,1.75,0.165,0,132,0,0
250,0,1,0,3,3,0,0,1,0,32.75,2.335,5.75,0,292,0,0
251,1,2,2,5,2,0,0,0,0,52.17,0.0,0.0,0,0,0,0
252,0,1,0,6,6,0,0,0,0,48.17,1.335,0.335,0,0,120,0
253,0,2,2,13,3,0,0,1,0,20.42,10.5,0.0,0,154,32,0
254,0,1,0,5,2,0,0,0,0,50.75,0.585,0.0,0,145,0,0
255,1,2,2,1,7,0,0,0,0,17.08,0.085,0.04,0,140,722,0
256,1,2,2,4,1,0,0,0,0,18.33,1.21,0.0,0,100,0,0
257,1,1,0,3,7,0,0,0,0,32.0,6.0,1.25,0,272,0,0
258,0,1,0,10,7,1,0,1,0,59.67,1.54,0.125,0,260,0,1
259,1,1,0,10,5,0,0,0,0,18.0,0.165,0.21,0,200,40,1
260,1,1,0,1,7,0,0,1,0,32.33,2.5,1.25,0,280,0,0
261,1,2,2,9,7,0,0,0,0,18.08,6.75,0.04,0,140,0,0
262,1,2,2,8,7,0,0,0,0,38.25,10.125,0.125,0,160,0,0
263,1,1,0,2,3,0,0,1,2,30.67,2.5,2.25,0,340,0,0
264,1,1,0,3,7,0,0,0,0,18.58,5.71,0.54,0,120,0,0
265,1,1,0,6,3,0,0,0,0,19.17,5.415,0.29,0,80,484,0
266,0,2,2,10,3,0,0,0,0,18.17,10.0,0.165,0,340,0,0
267,1,1,0,9,7,1,0,0,2,16.25,0.835,0.085,0,200,0,0
268,1,2,2,1,3,0,0,0,0,21.17,0.875,0.25,0,280,204,0
269,1,2,2,2,3,0,0,0,0,23.92,0.585,0.125,0,240,1,0
270,1,1,0,1,7,0,0,0,2,17.67,4.46,0.25,0,80,0,0
271,1,1,0,10,7,0,1,0,0,16.5,1.25,0.25,1,108,98,0
272,0,1,0,1,7,0,1,0,0,23.25,12.625,0.125,2,0,5552,0
273,1,1,0,12,3,0,1,0,0,17.58,10.0,0.165,1,120,1,0
274,0,1,0,12,7,0,1,0,0,29.5,0.58,0.29,1,340,2803,0
275,1,2,2,1,7,0,1,0,0,18.83,0.415,0.165,1,200,1,0
276,1,2,2,7,4,0,0,0,0,21.75,1.75,0.0,0,160,0,0
277,0,1,0,9,7,0,0,1,2,23.0,0.75,0.5,0,320,0,0
278,1,1,0,12,7,0,1,0,0,18.25,10.0,1.0,1,120,1,0
279,0,1,0,12,7,0,1,0,0,25.42,0.54,0.165,1,272,444,0
280,1,1,0,12,7,0,1,0,0,35.75,2.415,0.125,2,220,1,0
281,1,1,0,5,2,0,1,0,0,16.08,0.335,0.0,1,160,126,0
282,0,1,0,5,2,0,1,1,0,31.92,3.125,3.04,2,200,4,0
283,0,1,0,5,2,0,1,0,0,69.17,9.0,4.0,1,70,6,0
284,1,1,0,0,7,0,1,1,0,32.92,2.5,1.75,2,720,0,0
285,1,1,0,0,7,0,1,0,0,16.33,2.75,0.665,1,80,21,0
286,1,1,0,1,7,0,1,1,0,22.17,12.125,3.335,2,180,173,0
287,1,1,0,5,2,0,1,0,0,57.58,2.0,6.5,1,0,10,0
288,0,1,0,3,7,0,0,1,2,18.25,0.165,0.25,0,280,0,0
289,1,1,0,1,7,0,0,1,2,23.42,1.0,0.5,0,280,0,0
290,1,1,0,10,7,0,0,0,0,15.92,2.875,0.085,0,120,0,0
291,0,1,0,10,3,0,0,0,0,24.75,13.665,1.5,0,280,1,0
292,0,2,2,5,2,1,0,1,0,48.75,26.335,0.0,0,0,0,0
293,1,1,0,5,2,0,0,0,0,23.5,2.75,4.5,0,160,25,0
294,1,1,0,5,2,0,0,0,0,18.58,10.29,0.415,0,80,0,0
295,1,1,0,8,3,0,0,1,2,27.75,1.29,0.25,0,140,0,0
296,1,2,2,7,4,0,0,0,0,31.75,3.0,0.0,0,160,20,0
297,0,1,0,12,7,0,0,1,0,24.83,4.5,1.0,0,360,6,0
298,0,2,2,1,7,0,0,1,0,19.0,1.75,2.335,0,112,6,0
299,1,1,0,0,7,0,0,0,0,16.33,0.21,0.125,0,200,1,0
300,0,1,0,3,7,0,0,0,0,18.58,10.0,0.415,0,80,42,0
301,0,2,2,0,7,0,0,0,0,16.25,0.0,0.25,0,60,0,0
302,1,1,0,9,7,1,0,1,2,23.0,0.75,0.5,0,320,0,0
303,1,2,2,1,3,0,0,0,0,21.17,0.25,0.25,0,280,204,0
304,1,0,1,5,6,0,0,1,1,17.5,22.0,0.0,0,450,100000,1
305,1,2,2,9,0,0,0,1,2,19.17,0.0,0.0,0,500,1,1
306,1,2,2,1,7,0,0,1,0,36.75,0.125,1.5,0,232,113,1
307,1,1,0,12,7,0,0,0,0,21.25,1.5,1.5,0,150,8,1
308,1,0,1,2,2,0,0,1,2,18.08,0.375,10.0,0,300,0,1
309,0,1,0,2,7,0,0,0,0,33.67,0.375,0.375,0,300,44,1
310,0,2,2,8,7,1,1,0,0,48.58,0.205,0.25,11,380,2732,1
311,1,1,0,12,7,0,0,0,0,33.67,1.25,1.165,0,120,0,0
312,1,2,2,13,7,0,0,0,0,29.5,1.085,1.0,0,280,13,0
313,0,2,2,1,7,0,0,0,0,30.17,1.085,0.04,0,170,179,0
314,1,2,2,12,7,0,0,0,2,34.83,2.5,3.0,0,200,0,0
315,1,2,2,1,7,0,0,1,0,33.25,2.5,2.5,0,0,2,0
316,1,1,0,1,7,0,0,0,0,34.08,2.5,1.0,0,460,16,0
317,0,1,0,3,7,0,0,1,0,25.25,12.5,1.0,0,180,1062,0
318,1,1,0,2,0,0,0,0,0,34.75,2.5,0.5,0,348,0,0
319,0,1,0,10,3,0,0,1,0,27.67,0.75,0.165,0,220,251,0
320,1,1,0,1,7,0,0,1,0,47.33,6.5,1.0,0,0,228,0
321,1,2,2,6,3,0,0,1,0,34.83,1.25,0.5,0,160,0,0
322,1,2,2,0,7,0,0,0,0,33.25,3.0,2.0,0,180,0,0
323,0,1,0,12,7,0,0,1,0,28.0,3.0,0.75,0,300,67,0
324,0,1,0,1,7,0,0,0,0,39.08,4.0,3.0,0,480,0,0
325,1,1,0,0,7,0,0,0,0,42.75,4.085,0.04,0,108,100,0
326,0,1,0,6,0,0,0,1,0,26.92,2.25,0.5,0,640,4000,0
327,1,1,0,6,0,0,0,0,0,33.75,2.75,0.0,0,180,0,0
328,1,1,0,8,7,0,0,1,0,38.92,1.75,0.5,0,300,2,0
329,1,1,0,4,8,0,0,0,0,62.75,7.0,0.0,0,0,12,0
330,1,2,2,1,0,0,0,0,0,26.75,4.5,2.5,0,200,1210,0
331,1,1,0,1,7,1,1,1,0,63.33,0.54,0.585,3,180,0,0
332,-1,1,0,12,7,0,1,1,0,27.83,1.5,2.25,1,100,3,0
333,1,1,0,7,4,0,0,1,0,26.17,2.0,0.0,0,276,1,0
334,1,2,2,5,2,0,0,0,0,22.17,0.585,0.0,0,100,0,0
335,1,2,2,9,7,0,0,1,0,22.5,11.5,1.5,0,0,4000,0
336,0,1,0,3,7,0,0,1,2,30.75,1.585,0.585,0,0,0,0
337,1,1,0,6,7,0,0,1,0,36.67,2.0,0.25,0,221,0,0
338,1,1,0,0,7,0,1,1,0,16.0,0.165,1.0,2,320,1,0
339,1,1,0,3,7,0,0,0,0,41.17,1.335,0.165,0,168,0,0
340,1,1,0,10,7,0,0,1,0,19.5,0.165,0.04,0,380,0,0
341,0,1,0,3,7,0,0,1,0,32.42,3.0,0.165,0,120,0,0
342,1,1,0,5,2,0,0,0,0,36.75,4.71,0.0,0,160,0,0
343,0,1,0,8,7,0,0,1,2,30.25,5.5,5.5,0,100,0,0
344,1,1,0,5,2,0,0,1,0,23.08,2.5,0.085,0,100,4208,0
345,0,1,0,8,2,0,0,0,0,26.83,0.54,0.0,0,100,0,0
346,0,2,2,8,7,0,0,0,2,16.92,0.335,0.29,0,200,0,0
347,1,1,0,4,1,0,1,0,0,24.42,2.0,0.165,2,320,1300,0
348,1,1,0,9,7,0,1,1,0,42.83,1.25,13.875,1,352,112,0
349,1,1,0,0,7,0,0,0,0,22.75,6.165,0.165,0,220,1000,0
350,1,2,2,9,7,0,0,0,2,39.42,1.71,0.165,0,400,0,0
351,1,2,2,8,3,0,0,1,0,23.58,11.5,3.0,0,20,16,0
352,0,2,2,11,5,0,0,1,0,21.42,0.75,0.75,0,132,2,0
353,1,2,2,12,7,0,0,1,0,33.0,2.5,7.0,0,280,0,0
354,0,1,0,4,1,0,0,1,0,26.33,13.0,0.0,0,140,1110,0
355,1,1,0,8,3,0,0,1,2,45.0,4.585,1.0,0,240,0,0
356,1,1,0,12,7,0,0,0,0,26.25,1.54,0.125,0,100,0,0
357,1,2,2,4,1,0,0,0,0,20.83,0.5,1.0,0,260,0,0
358,0,1,0,3,7,0,0,0,0,28.67,14.5,0.125,0,0,286,0
359,1,2,2,1,7,0,0,1,2,20.67,0.835,2.0,0,240,0,0
360,-1,1,0,6,0,0,0,1,0,34.42,1.335,0.125,0,440,4500,0
361,0,1,0,6,0,0,0,1,2,33.58,0.25,4.0,0,420,0,0
362,1,1,0,6,0,0,0,1,0,43.17,5.0,2.25,0,141,0,0
363,1,1,0,1,7,0,0,0,0,22.67,7.0,0.165,0,160,0,0
364,1,2,2,6,0,0,0,0,0,24.33,2.5,4.5,0,200,456,0
365,1,2,2,5,2,0,0,1,0,56.83,4.25,5.0,0,0,4,0
366,1,1,0,8,7,0,0,1,0,22.08,11.46,1.585,0,100,1212,0
367,0,2,2,1,7,0,0,1,0,34.0,5.5,1.5,0,60,0,0
368,0,2,2,0,7,0,0,1,0,22.58,1.5,0.54,0,120,67,0
369,0,1,0,1,7,0,0,1,2,21.17,0.0,0.5,0,0,0,0
370,1,1,0,6,0,0,0,1,0,26.67,14.585,0.0,0,178,0,0
371,1,1,0,9,7,0,0,0,2,22.92,0.17,0.085,0,0,0,0
372,1,1,0,4,7,0,0,0,0,15.17,7.0,1.0,0,600,0,0
373,1,1,0,6,0,0,0,0,0,39.92,5.0,0.21,0,550,0,0
374,1,1,0,0,0,0,0,1,0,27.42,12.5,0.25,0,720,0,0
375,1,1,0,9,7,0,0,1,0,24.75,0.54,1.0,0,120,1,0
376,1,2,2,12,7,0,0,0,0,41.17,1.25,0.25,0,0,195,0
377,1,1,0,3,7,0,0,1,0,33.08,1.625,0.54,0,0,0,0
378,1,2,2,13,3,0,0,0,0,29.83,2.04,0.04,0,128,1,0
379,1,2,2,5,2,0,0,0,0,23.58,0.585,0.125,0,120,87,0
380,1,2,2,8,3,0,0,1,0,26.17,12.5,1.25,0,0,17,0
381,0,1,0,1,7,0,0,0,0,31.0,2.085,0.085,0,300,0,0
382,1,2,2,7,7,0,0,0,0,20.75,5.085,0.29,0,140,184,0
383,0,1,0,1,7,0,0,0,0,28.92,0.375,0.29,0,220,140,0
384,1,1,0,6,0,0,0,1,0,51.92,6.5,3.085,0,73,0,0
385,1,1,0,10,7,0,0,0,2,22.67,0.335,0.75,0,160,0,0
386,1,2,2,6,0,0,0,1,0,34.0,5.085,1.085,0,480,0,0
387,1,1,0,5,2,0,0,0,2,69.5,6.0,0.0,0,0,0,0
388,0,2,2,1,7,0,1,0,0,19.58,0.665,1.0,1,2000,2,0
389,1,1,0,12,7,0,1,0,0,16.0,3.125,0.085,1,0,6,0
390,0,1,0,10,7,0,1,0,0,17.08,0.25,0.335,4,160,8,0
391,0,1,0,5,2,0,1,0,0,31.25,2.835,0.0,5,176,146,0
392,0,1,0,1,7,0,1,0,0,25.17,3.0,1.25,1,0,22,0
393,1,1,0,6,7,0,0,0,0,22.67,0.79,0.085,0,144,0,0
394,1,1,0,6,0,0,0,0,2,40.58,1.5,0.0,0,300,0,0
395,1,1,0,8,7,0,0,1,0,22.25,0.46,0.125,0,280,55,0
396,1,2,2,5,2,0,0,0,0,22.25,1.25,3.25,0,280,0,0
397,0,2,2,8,7,0,0,0,0,22.5,0.125,0.125,0,200,70,0
398,1,1,0,1,7,0,0,1,0,23.58,1.79,0.54,0,136,1,0
399,1,1,0,1,7,0,1,0,0,38.42,0.705,0.375,2,225,500,0
400,0,2,2,5,2,0,0,1,0,26.58,2.54,0.0,0,180,60,0
401,1,1,0,6,7,0,0,1,0,35.0,2.5,1.0,0,210,0,0
402,1,1,0,10,7,0,0,0,0,20.42,1.085,1.5,0,108,7,0
403,1,1,0,12,7,0,0,0,0,29.42,1.25,1.75,0,200,0,0
404,0,1,0,2,7,0,0,0,0,26.17,0.835,1.165,0,100,0,0
405,1,1,0,1,7,0,0,0,1,33.67,2.165,1.5,0,120,0,0
406,1,1,0,1,7,0,0,0,0,24.58,1.25,0.25,0,110,0,0
407,1,1,0,12,7,0,0,1,0,27.67,2.04,0.25,0,180,50,0
408,1,1,0,4,7,0,0,0,0,37.5,0.835,0.04,0,120,5,0
409,1,1,0,5,2,0,0,0,0,49.17,2.29,0.29,0,200,3,0
410,1,2,2,2,7,0,0,0,0,33.58,0.335,0.085,0,180,0,0
411,0,2,2,5,2,0,0,0,0,51.83,3.0,1.5,0,180,4,0
412,1,2,2,1,7,0,0,0,0,22.92,3.165,0.165,0,160,1058,0
413,1,1,0,8,7,0,0,1,0,21.83,1.54,0.085,0,356,0,0
414,1,1,0,0,7,0,0,0,0,25.25,1.0,0.5,0,200,0,0
415,1,1,0,1,7,0,0,1,0,58.58,2.71,2.415,0,320,0,0
416,1,2,2,5,2,0,1,0,0,19.0,0.0,0.0,4,45,1,0
417,1,1,0,5,2,0,1,0,0,19.58,0.585,0.0,3,350,769,0
418,1,1,0,5,2,0,0,1,2,53.33,0.165,0.0,0,62,27,0
419,1,1,0,5,2,0,1,0,0,27.17,1.25,0.0,1,92,300,0
420,1,1,0,8,7,0,1,1,0,25.92,0.875,0.375,2,174,3,0
421,1,1,0,8,7,0,1,0,2,23.08,0.0,1.0,11,0,0,0
422,0,1,0,5,2,0,1,0,0,39.58,5.0,0.0,2,17,1,0
423,0,2,2,9,7,0,0,1,2,30.58,2.71,0.125,0,80,0,0
424,1,1,0,8,7,0,0,1,0,17.25,3.0,0.04,0,160,40,0
425,1,2,2,7,2,0,0,0,0,17.67,0.0,0.0,0,86,0,0
426,1,1,0,1,7,0,0,0,0,16.5,0.125,0.165,0,132,0,0
427,1,1,0,5,2,0,0,0,0,27.33,1.665,0.0,0,340,1,0
428,0,1,0,5,2,0,1,0,0,31.25,1.125,0.0,1,96,19,0
429,0,1,0,1,7,0,0,0,0,20.0,7.0,0.5,0,0,0,0
430,0,1,0,1,7,0,0,0,0,39.5,1.625,1.5,0,0,316,0
431,1,1,0,10,7,0,0,0,0,36.5,4.25,3.5,0,454,50,0
432,1,1,0,3,7,0,0,1,0,52.42,1.5,3.75,0,0,350,0
433,1,1,0,12,7,0,0,0,0,36.17,18.125,0.085,0,320,3552,0
434,1,2,2,1,7,0,0,0,0,29.67,0.75,0.04,0,240,0,0
435,-1,1,0,6,0,0,0,0,0,36.17,5.5,5.0,0,210,687,0
436,1,2,2,1,7,0,0,1,0,25.67,0.29,1.5,0,160,0,0
437,1,2,2,1,7,0,0,0,0,24.5,2.415,0.0,0,120,0,0
438,1,1,0,9,7,0,1,0,0,24.08,0.875,0.085,4,254,1950,0
439,1,1,0,1,7,0,0,0,0,21.92,0.5,0.125,0,360,0,0
440,1,1,0,5,2,0,1,0,0,36.58,0.29,0.0,10,200,18,0
441,1,1,0,7,4,0,1,0,0,23.0,1.835,0.0,1,200,53,0
442,0,1,0,9,7,0,1,1,0,27.58,3.0,2.79,1,280,10,0
443,1,1,0,1,7,0,1,1,0,31.08,3.085,2.5,2,160,41,0
444,1,1,0,12,3,0,1,0,0,30.42,1.375,0.04,3,0,33,0
445,0,1,0,8,7,0,0,0,0,22.08,2.335,0.75,0,180,0,0
446,0,1,0,6,3,0,0,1,0,16.33,4.085,0.415,0,120,0,0
447,0,1,0,8,3,0,0,0,0,21.92,11.665,0.085,0,320,5,0
448,1,2,2,6,3,0,0,0,0,21.08,4.125,0.04,0,140,100,0
449,0,1,0,6,7,0,0,0,0,17.42,6.5,0.125,0,60,100,0
450,1,2,2,6,7,0,0,1,0,19.17,4.0,1.0,0,360,1000,0
451,1,1,0,1,7,0,0,0,0,20.67,0.415,0.125,0,0,44,0
452,0,1,0,3,7,0,0,1,0,26.75,2.0,0.75,0,80,0,0
453,1,1,0,6,3,0,0,1,0,23.58,0.835,0.085,0,220,5,0
454,1,2,2,6,3,0,0,1,2,39.17,2.5,10.0,0,200,0,0
455,1,1,0,6,7,0,0,0,0,22.75,11.5,0.415,0,0,0,0
456,1,1,0,6,7,0,1,1,0,16.92,0.5,0.165,6,240,35,0
457,1,2,2,8,7,0,1,1,0,23.5,3.165,0.415,1,280,80,0
458,1,1,0,0,7,0,1,1,0,17.33,9.5,1.75,10,0,10,0
459,1,2,2,1,7,0,1,0,0,23.75,0.415,0.04,2,128,6,0
460,1,1,0,9,7,0,0,0,2,34.67,1.08,1.165,0,28,0,0
461,-1,2,2,5,2,0,1,0,0,74.83,19.0,0.04,2,0,351,0
462,0,2,2,8,7,0,0,0,0,28.17,0.125,0.085,0,216,2100,0
463,1,2,2,0,7,0,0,1,0,24.5,13.335,0.04,0,120,475,0
464,0,2,2,5,2,0,0,1,0,18.83,3.54,0.0,0,180,1,0
465,1,1,0,10,3,1,1,0,0,47.25,0.75,2.75,1,333,892,1
466,1,1,0,10,7,1,1,1,0,24.17,0.875,4.625,2,520,2000,1
467,1,1,0,9,7,1,1,0,0,39.25,9.5,6.5,14,240,4607,1
468,1,1,0,1,3,1,0,0,0,20.5,11.835,6.0,0,340,0,1
469,1,2,2,1,3,1,0,0,0,18.83,4.415,3.0,0,240,0,1
470,1,1,0,12,7,1,0,0,0,19.17,9.5,1.5,0,120,2206,1
471,-1,1,0,13,3,1,0,1,0,25.0,0.875,1.04,0,160,5860,1
472,0,1,0,1,7,1,1,1,0,20.17,9.25,1.665,3,40,28,1
473,1,1,0,1,7,1,1,1,0,25.75,0.5,1.46,5,312,0,1
474,1,1,0,1,7,1,1,0,0,20.42,7.0,1.625,3,200,1391,1
475,0,1,0,2,7,1,1,1,0,39.0,5.0,3.5,10,0,0,1
476,1,1,0,5,2,1,1,0,0,64.08,0.165,0.0,1,232,100,1
477,0,1,0,13,7,1,1,0,0,28.25,5.125,4.75,2,420,7,1
478,1,1,0,1,7,1,1,1,0,28.75,3.75,1.085,1,371,0,1
479,1,1,0,1,7,1,1,0,0,31.33,19.5,7.0,16,0,5000,1
480,1,1,0,0,7,1,1,0,0,18.92,9.0,0.75,2,88,591,1
481,1,1,0,10,3,1,1,0,0,24.75,3.0,1.835,19,0,500,1
482,1,1,0,1,7,1,1,0,0,30.67,12.0,2.0,1,220,19,1
483,0,2,2,12,7,1,1,1,0,21.0,4.79,2.25,1,80,300,1
484,1,2,2,12,7,1,1,1,0,13.75,4.0,1.75,2,120,1000,1
485,0,1,0,7,4,1,0,0,0,46.0,4.0,0.0,0,100,960,1
486,1,1,0,1,7,1,0,0,0,44.33,0.0,2.5,0,0,0,1
487,0,1,0,4,1,1,0,0,0,20.25,9.96,0.0,0,0,0,1
488,0,2,2,1,3,1,0,0,0,22.67,2.54,2.585,0,0,0,1
489,1,1,0,0,7,1,1,0,0,60.92,5.0,4.0,4,0,99,1
490,1,1,0,1,7,1,1,1,0,16.08,0.75,1.75,5,352,690,1
491,0,1,0,10,7,1,1,0,0,28.17,0.375,0.585,4,80,0,1
492,0,1,0,13,7,1,1,1,0,39.17,1.71,0.125,5,480,0,1
493,1,1,0,4,1,1,1,1,0,30.0,5.29,2.25,5,99,500,1
494,1,1,0,9,7,1,1,0,0,22.83,3.0,1.29,1,260,800,1
495,1,1,0,10,7,1,1,0,0,22.5,8.5,1.75,10,80,990,0
496,0,1,0,10,7,1,0,1,0,28.58,1.665,2.415,0,440,0,0
497,1,1,0,1,7,1,0,1,0,45.17,1.5,2.5,0,140,0,0
498,0,1,0,8,7,1,0,0,0,41.58,1.75,0.21,0,160,0,0
499,1,1,0,6,0,1,0,1,0,57.08,0.335,1.0,0,252,2197,0
500,-1,1,0,8,3,1,1,1,0,55.75,7.08,6.75,3,100,50,0
501,0,1,0,10,3,1,1,0,0,43.25,25.21,0.21,1,760,90,0
502,1,1,0,1,3,1,0,1,0,25.33,2.085,2.75,0,360,1,0
503,0,1,0,0,3,1,0,0,0,24.58,0.67,1.75,0,400,0,0
504,0,1,0,6,0,1,0,0,0,43.17,2.25,0.75,0,560,0,0
505,1,1,0,5,2,1,0,0,0,40.92,0.835,0.0,0,130,1,0
506,1,1,0,0,7,1,0,1,0,31.83,2.5,7.5,0,523,0,0
507,0,2,2,5,2,1,0,0,0,33.92,1.585,0.0,0,320,0,0
508,0,1,0,5,2,1,0,0,0,24.92,1.25,0.0,0,80,0,0
509,1,1,0,13,3,1,0,1,0,35.25,3.165,3.75,0,680,0,0
510,0,1,0,12,0,1,0,1,0,34.25,1.75,0.25,0,163,0,0
511,1,2,2,2,7,1,0,1,0,19.42,1.5,2.0,0,100,20,0
512,1,1,0,6,0,1,0,0,0,42.75,3.0,1.0,0,0,200,0
513,1,2,2,8,3,1,0,1,0,19.67,10.0,0.835,0,140,0,0
514,0,1,0,12,7,1,0,1,0,36.33,3.79,1.165,0,200,0,0
515,0,2,2,6,0,1,1,1,0,30.08,1.04,0.5,10,132,28,0
516,1,2,2,3,7,1,0,0,2,44.25,11.0,1.5,0,0,0,0
517,1,2,2,12,7,1,1,1,0,23.58,0.46,2.625,6,208,347,0
518,1,1,0,3,3,1,1,0,0,23.92,1.5,1.875,6,200,327,1
519,1,1,0,13,7,1,1,1,0,33.17,1.0,0.75,7,340,4071,1
520,1,1,0,9,7,1,0,0,2,48.33,12.0,16.0,0,110,0,1
521,1,1,0,4,8,1,1,1,0,76.75,22.29,12.75,1,0,109,1
522,1,1,0,6,0,1,1,0,0,51.33,10.0,0.0,11,0,1249,1
523,1,1,0,11,5,1,1,1,0,34.75,15.0,5.375,9,0,134,1
524,1,1,0,12,7,1,1,0,0,38.58,3.335,4.0,14,383,1344,1
525,1,2,2,13,3,1,1,0,0,22.42,11.25,0.75,4,0,321,1
526,1,1,0,1,3,1,1,0,0,41.92,0.42,0.21,6,220,948,1
527,1,1,0,12,7,1,1,1,0,29.58,4.5,7.5,2,330,0,1
528,1,1,0,12,7,1,1,0,0,32.17,1.46,1.085,16,120,2079,1
529,1,1,0,13,3,1,0,0,0,51.42,0.04,0.04,0,0,3000,1
530,1,1,0,10,3,1,1,1,0,22.83,2.29,2.29,7,140,2384,1
531,1,1,0,2,3,1,1,0,0,25.0,12.33,3.5,6,400,458,1
532,1,1,0,13,3,1,0,0,0,26.75,1.125,1.25,0,0,5298,1
533,0,1,0,1,3,1,0,0,0,23.33,1.5,1.415,0,422,200,1
534,1,1,0,10,3,1,0,1,0,24.42,12.335,1.585,0,120,0,1
535,1,1,0,10,3,1,0,1,0,42.17,5.04,12.75,0,92,0,1
536,0,1,0,0,7,1,0,0,0,20.83,3.0,0.04,0,100,0,1
537,1,1,0,12,3,1,1,1,0,23.08,11.5,2.125,11,290,284,1
538,0,1,0,13,3,1,0,0,0,25.17,2.875,0.875,0,360,0,1
539,0,2,2,1,7,1,1,1,0,43.08,0.375,0.375,8,300,162,1
540,1,1,0,0,7,1,1,0,0,35.75,0.915,0.75,4,0,1583,1
541,1,1,0,12,7,1,1,1,0,59.5,2.75,1.75,5,60,58,1
542,1,2,2,3,7,1,1,1,0,21.0,3.0,1.085,8,160,1,1
543,1,2,2,13,7,1,1,1,0,21.92,0.54,0.04,1,840,59,1
544,0,1,0,5,2,1,1,1,0,65.17,14.0,0.0,11,0,1400,1
545,1,1,0,1,3,1,1,0,0,20.33,10.0,1.0,4,50,1465,1
546,0,2,2,1,3,1,1,1,0,32.25,0.165,3.25,1,432,8000,1
547,1,1,0,1,7,1,1,0,0,30.17,0.5,1.75,11,32,540,1
548,0,1,0,1,7,1,1,0,0,25.17,6.0,1.0,3,0,0,1
549,1,1,0,1,7,1,1,0,0,39.17,1.625,1.5,10,186,4700,1
550,1,1,0,9,7,1,1,1,0,39.08,6.0,1.29,5,108,1097,1
551,1,1,0,13,7,1,1,1,0,31.67,0.83,1.335,8,303,3290,1
552,0,1,0,4,7,0,1,0,2,41.0,0.04,0.04,1,560,0,1
553,0,1,0,9,7,1,0,1,0,48.5,4.25,0.125,0,225,0,1
554,1,2,2,12,3,1,0,1,0,32.67,9.0,5.25,0,154,0,1
555,1,2,2,4,8,1,0,0,0,28.08,15.0,0.0,0,0,13212,1
556,1,1,0,5,2,1,0,1,0,73.42,17.75,0.0,0,0,0,1
557,1,1,0,13,3,1,1,1,0,64.08,20.0,17.5,9,0,1000,1
558,1,1,0,1,7,1,1,0,0,51.58,15.0,8.5,9,0,0,1
559,1,2,2,1,7,1,1,1,0,26.67,1.75,1.0,5,160,5777,1
560,1,1,0,1,7,1,1,1,0,25.33,0.58,0.29,7,96,5124,1
561,1,1,0,2,7,1,1,0,0,30.17,6.5,3.125,8,330,1200,1
562,1,1,0,1,3,1,1,1,0,27.0,0.75,4.25,3,312,150,1
563,1,1,0,12,7,0,0,1,0,34.17,5.25,0.085,0,290,6,1
564,1,1,0,8,7,1,0,1,0,38.67,0.21,0.085,0,280,0,1
565,1,1,0,1,0,1,0,0,0,25.75,0.75,0.25,0,349,23,1
566,1,1,0,1,7,1,1,1,0,46.08,3.0,2.375,8,396,4159,1
567,1,1,0,0,7,1,1,0,0,21.5,6.0,2.5,3,80,918,1
568,1,1,0,1,7,1,1,1,0,20.5,2.415,2.0,11,200,3000,1
569,1,1,0,8,7,1,1,0,0,29.5,0.46,0.54,4,380,500,1
570,1,2,2,8,7,0,0,0,0,29.83,1.25,0.25,0,224,0,0
571,1,1,0,10,7,0,0,0,0,20.08,0.25,0.125,0,200,0,0
572,1,1,0,1,3,1,0,0,0,23.42,0.585,0.085,0,180,0,0
573,1,2,2,8,7,0,0,1,0,29.58,1.75,1.25,0,280,0,0
574,0,1,0,1,7,0,0,0,0,16.17,0.04,0.04,0,0,0,1
575,0,1,0,8,7,0,0,1,0,32.33,3.5,0.5,0,232,0,0
576,1,1,0,13,0,0,0,1,0,47.83,4.165,0.085,0,520,0,0
577,0,2,2,8,7,0,0,0,0,20.0,1.25,0.125,0,140,4,0
578,-1,2,2,10,3,0,1,1,0,27.58,3.25,5.085,2,369,1,0
579,1,1,0,12,7,0,1,0,0,22.0,0.79,0.29,1,420,283,0
580,1,1,0,1,0,0,1,1,0,19.33,10.915,0.585,2,200,7,0
581,1,1,0,1,7,0,0,0,0,38.33,4.415,0.125,0,160,0,0
582,0,1,0,1,3,0,1,1,0,29.42,1.25,0.25,2,400,108,0
583,1,1,0,6,7,0,1,1,0,22.67,0.75,1.585,1,400,9,0
584,1,2,2,5,2,0,1,0,0,32.25,14.0,0.0,2,160,1,0
585,1,1,0,9,7,0,1,1,0,29.58,4.75,2.0,1,460,68,0
586,1,2,2,0,7,1,0,0,0,18.42,10.415,0.125,0,120,375,0
587,1,1,0,6,7,0,0,0,0,22.17,2.25,0.125,0,160,10,0
588,1,1,0,1,4,0,0,1,2,22.67,0.165,2.25,0,0,0,1
589,1,1,0,10,7,0,0,0,0,18.83,0.0,0.665,0,160,1,0
590,0,2,2,2,7,0,0,0,0,21.58,0.79,0.665,0,160,0,0
591,1,1,0,1,7,0,0,0,2,23.75,12.0,2.085,0,80,0,0
592,1,1,0,5,2,0,0,0,0,36.08,2.54,0.0,0,0,1000,0
593,1,1,0,3,3,0,0,0,0,29.25,13.0,0.5,0,228,0,0
594,1,1,0,12,7,0,0,0,0,19.58,0.665,1.665,0,220,5,0
595,1,1,0,10,7,0,0,1,0,22.92,1.25,0.25,0,120,809,0
596,1,1,0,9,3,0,1,1,0,27.25,0.29,0.125,1,272,108,0
597,0,1,0,5,2,0,0,0,0,38.75,1.5,0.0,0,76,0,0
598,1,2,2,8,2,0,0,0,0,32.42,2.165,0.0,0,120,0,0
599,1,1,0,12,7,0,1,1,0,23.75,0.71,0.25,1,240,4,0
600,1,1,0,1,5,0,1,1,0,18.17,2.46,0.96,2,160,587,0
601,1,2,2,9,7,0,0,1,0,40.92,0.5,0.5,0,130,0,0
602,1,1,0,0,7,0,0,0,0,19.5,9.585,0.79,0,80,350,0
603,1,1,0,0,7,0,0,1,0,28.58,3.625,0.25,0,100,0,0
604,0,1,0,8,7,0,0,1,0,35.58,0.75,1.5,0,231,0,0
605,0,1,0,6,0,0,0,1,0,34.17,2.75,2.5,0,232,200,0
606,0,2,2,0,7,0,0,1,0,31.58,0.75,3.5,0,320,0,0
607,0,1,0,0,3,0,0,0,0,52.5,7.0,3.0,0,0,0,0
608,1,2,2,12,7,0,0,1,0,36.17,0.42,0.29,0,309,2,0
609,0,1,0,2,7,0,0,1,0,37.33,2.665,0.165,0,0,501,0
610,1,1,0,1,7,0,0,0,0,20.83,8.5,0.165,0,0,351,0
611,1,1,0,0,7,0,0,1,0,24.08,9.0,0.25,0,0,0,0
612,1,1,0,8,3,0,0,1,0,25.58,0.335,3.5,0,340,0,0
613,1,1,0,5,2,0,1,0,0,35.17,3.75,0.0,6,0,200,0
614,1,1,0,6,0,0,0,0,0,48.08,3.75,1.0,0,100,2,0
615,1,1,0,10,7,0,1,1,0,15.83,7.625,0.125,1,0,160,0
616,-1,1,0,6,7,0,0,1,2,22.5,0.415,0.335,0,144,0,0
617,1,1,0,6,7,1,0,1,0,21.5,11.5,0.5,0,100,68,0
618,0,1,0,10,7,0,1,1,0,23.58,0.83,0.415,1,200,11,0
619,1,2,2,5,2,0,0,0,0,21.08,5.0,0.0,0,0,0,0
620,1,1,0,1,3,0,1,1,0,25.67,3.25,2.29,1,416,21,0
621,0,1,0,0,7,0,0,0,0,38.92,1.665,0.25,0,0,390,0
622,1,1,0,1,7,0,0,0,0,15.75,0.375,1.0,0,120,18,0
623,1,1,0,1,7,0,1,1,0,28.58,3.75,0.25,1,40,154,0
624,0,1,0,0,7,0,0,0,0,22.25,9.0,0.085,0,0,0,0
625,1,1,0,1,7,0,0,0,0,29.83,3.5,0.165,0,216,0,0
626,0,1,0,12,7,0,0,1,0,23.5,1.5,0.875,0,160,0,0
627,0,2,2,2,7,0,0,1,0,32.08,4.0,1.5,0,120,0,0
628,1,2,2,12,7,0,0,0,2,31.08,1.5,0.04,0,160,0,0
629,0,2,2,9,7,0,0,0,0,31.83,0.04,0.04,0,0,0,0
630,0,1,0,1,7,0,0,1,0,21.75,11.75,0.25,0,180,0,0
631,1,1,0,1,7,0,1,1,0,17.92,0.54,1.75,1,80,5,0
632,0,1,0,3,3,0,0,1,2,30.33,0.5,0.085,0,252,0,0
633,0,2,2,5,2,0,0,0,0,51.83,2.04,1.5,0,120,1,0
634,0,1,0,12,7,0,0,0,0,47.17,5.835,5.5,0,465,150,0
635,1,1,0,2,7,0,0,0,0,25.83,12.835,0.5,0,0,2,0
636,1,1,0,0,7,0,0,1,0,50.25,0.835,0.5,0,240,117,0
637,0,1,0,6,3,0,0,0,0,37.33,2.5,0.21,0,260,246,0
638,1,1,0,0,7,0,0,0,0,41.58,1.04,0.665,0,240,237,0
639,1,1,0,10,3,0,1,1,0,30.58,10.665,0.085,12,129,3,0
640,1,1,0,9,7,0,1,0,0,19.42,7.25,0.04,1,100,1,0
641,0,1,0,5,2,0,0,0,0,17.92,10.21,0.0,0,0,50,0
642,0,1,0,1,7,0,0,0,0,20.08,1.25,0.0,0,0,0,0
643,1,1,0,8,7,0,0,0,0,19.5,0.29,0.29,0,280,364,0
644,1,2,2,3,3,0,0,0,0,27.83,1.0,3.0,0,176,537,0
645,1,1,0,6,7,0,0,1,0,17.08,3.29,0.335,0,140,2,0
646,1,2,2,3,7,0,0,0,0,36.42,0.75,0.585,0,240,3,0
647,0,1,0,9,7,0,0,1,2,40.58,3.29,3.5,0,400,0,0
648,-1,2,2,4,3,0,0,0,0,21.08,10.085,1.25,0,260,0,0
649,0,1,0,1,7,0,1,1,0,22.67,0.75,2.0,2,200,394,0
650,0,2,2,5,2,0,1,1,0,25.25,13.5,2.0,1,200,1,0
651,0,1,0,0,7,0,0,0,0,17.92,0.205,0.04,0,280,750,0
652,1,1,0,1,3,0,0,1,0,35.0,3.375,8.29,0,0,0,0
